num,year,date,time_local,event_name,magnitude,location,eql_type,proposed_mechanism,article_section,figures,country
1,1854,1854,,Ansei Tokai earthquake,,Tokai region,Soundless thunder-like noise; flashes on clear sky,Pre-seismic atmospheric discharge,Section 6,,Japan
2,1828,1828,,Echigo-Sanjo earthquake,,Niigata (gas-field region),Methane flames; conflagration,Spontaneous electrostatic ignition of methane,Section 8,,Japan
3,1847,1847-05-08,~22:00,Zenkoji earthquake,M7.4,"Central Japan; Mt. Iwakura (biotite rhyolite / hydrocarbon-bearing tuff breccia); northern Nagano","Landslide lights (village lit as if daylight); methane fire pillars / swirling flames from ground",Frictional heat + degassing of CH4/H2S; fracto-emission from biotite,"Sections 7, 8","Fig. 11, 12b, 13b",Japan
4,1855,1855,,Ansei Edo earthquake,,Edo (Tokyo),Ground splitting + whitish ray of light; methane flames; conflagration,Methane gush + electrostatic ignition,Section 8,Fig. 13a,Japan
5,1896,1896-06-15,19:32,Meiji-Sanriku tsunami earthquake,M8.2-8.5,"Sanriku coast, Pacific off Tohoku","Glowing tsunami (blue / white / bluish-white crests); offshore fire pillar pre-quake; sound like continuous gunfire","Blanchard effect: charged mists from bursting CH4 bubbles ignite methane; possible MH dissociation offshore","Sections 9, 10",Fig. 15,Japan
6,1909,1909,,Kono (Anegawa) earthquake,,"East of Shiga, Mt. Ibuki (limestone)",Reddish landslide light (mistaken for eruption),"Frictional thermoluminescence of limestone (~200-250 C, orange)",Section 7,Fig. 12d,Japan
7,1792,1792,,Unzen / Mayu-yama collapse (volcanic-earthquake-triggered),,"Shimabara, Kyushu; pyroclastic dome Mayu-yama","Landslide lights fires more severe than lightning; seawater whole fires offshore",Degassing & combustion of stored CH4 & H2S from pyroclastic rock under impact frictional heat,Section 7,"Fig. 11a, 11b, 12c",Japan
8,1923,1923-09-01,,Great Kanto earthquake,M7.9,Kanto region,"Fierce, soundless lightning over Tokyo the night before",Pre-seismic atmospheric discharge,"Sections 6, 13",,Japan
9,1930,1930-11-26,04:02-04:03,North Izu / Kita-Izu earthquake,M7.3,Izu peninsula,Red sky in the direction of the epicenter (SW from Hakone); rainbow phenomenon observed 313 km NW one day prior (Mukuhira's prediction),Enhanced 630 nm airglow from stagnant MSTID above epicenter; rainbow possibly electro-optic,"Sections 11, 12","Fig. 18a, 18b",Japan
10,1930,1930-12-20,23:02,Hiroshima-North earthquake,,Hiroshima,"Phosphorescent fire-colored, upside-down broomstick rising from mountain edge; clouds tinted fire-color",Plasma-state radon-induced tornado-like cloud (nocturnal analogue of the Kobe event),Section 3,,Japan
11,1933,1933-03-03,02:30,Showa-Sanriku tsunami earthquake,M8.1,Sanriku coast,Glowing tsunami: pure white / pale blue crest in straight line; seawater boiling and glowing blue; bay entrance with hazy blue-red glow,Charged mists from CH4 bubble bursts -> electrostatic ignition,Section 9,,Japan
12,1944,1944-12-07,13:54,Showa-Tonankai earthquake,M7.9,SW Japan; eyewitness in Shimizu (273 km NE of epicenter),Solar spectrum in thin clouds 1-2 h before quake,Possible electro-optic effect from ionospheric TEC enhancement,"Sections 12, 13",,Japan
13,1946,1946-12-01,04:19,Showa-Nankai earthquake,M8.0,"Pacific coast, SW Japan; two offshore sea-cliff landslides off Shirahama & Susami",Two offshore fire pillars; sea surface concave like a dish beneath the pillars before quake,Explosive MH dissociation at base of 1100 m cliff -> methane bubble rise + Blanchard charging + ignition,Section 10,"Fig. 16, 17",Japan
14,1965,1965-1967,mostly nocturnal,Matsushiro earthquake swarm,up to M5.4 (cumulative ~M6.4); 62826 felt events,"Mt. Minakami (659 m), Nagano (extinct volcano, 300-350 ka)","Silent, inaudible glowing of mountains; blue-white with reddish tinge; spanned ~8 km diameter; first photographed EQL in history (4 Dec 1965, 23:48; Dr. T. Kuribayashi)","Inaudible dielectric-barrier discharge via trees, driven by rapid Earth-potential fluctuations from CO2-bearing water eruption coupled with passing meteorological front",Section 2,"Fig. 1a-c, 2a, 2b, 3a-d",Japan
15,1993,1993-05-21,11:36,Ibaraki-ken Nanseibu earthquake,M5.4,"Ibaraki, depth 60.8 km, ~30 km from Tsukuba observation site",Bolt from the blue: apparent lightning over epicenter under clear sky; abnormal telluric current for ~7 h pre-quake,Seismically-activated atmospheric discharges distinct from cloud-to-ground lightning,Section 6,Fig. 10a-c,Japan
16,1993,1993-07-12,22:17,Hokkaido Nansei-Oki earthquake,,"Off Okushiri Island; Aonae Port, Hokkaido",White-shining tsunami splash on quay; fishing-boat fires,Charged-mist ignition of methane from sludge-released gas,Section 9,Fig. 14b,Japan
17,1995,1995-01-17,05:46,Kobe (Great Hanshin) earthquake,M7.2,"Nojima Fault, Awaji Island; Uemachi fault fissure zone (Osaka/Kobe)",(i) Pre-seismic tornado-like cloud on Nojima Fault (9 Jan); (ii) Spark discharges from ground at Hirabayashi + reddish sky over Kobe; (iii) Fossilized EQL - solidified blackened gouge with Karman vortices; (iv) Bizarre luminous clouds at 130-200 m lighting sky blue->white->red/orange ~1 h before quake,(i) Radon-decay gamma-rays ionizing supersaturated water vapor at 680 m; (ii) Granite-fracturing current (~1000 A) sintering clay gouge; (iii) Radioluminescence of giant water-clusters trapping radon/methane (Rayleigh->Mie color shift); pulsed 22.2 MHz radio emission,"Sections 3, 4, 5",Fig. 4-9,Japan
18,2002,2002-04-20,10:50,Au Sable earthquake,M5.1,"Plattsburgh, NY, USA",Red northern-lights-like glow descending over epicenter the night before (pilot S. Nagai),630 nm airglow from MSTID enhancement,Section 11,,USA
19,2008,2008-05-12,14:28 (CST),Sichuan (Wenchuan) earthquake,M8.0 (Mw 7.9),"Sichuan Province, China; three cities 450-550 km from epicenter",Rainbow clouds 10-60 min before quake (videos),Possible electro-optic (Pockels/Kerr) effect from TEC enhancement (~5% above background; began ~37 min pre-quake),"Section 12, Appendix C","Fig. A4a, A4b",China
20,2011,2011-03-11,14:46,Tohoku-Oki earthquake,M9.0,Off Pacific coast of Tohoku,Daytime tsunami: black wave with white bubbling foam and rising mist; pre-quake pillar of light off a cape (reported); tsunami-induced fires in bay areas,Charged-mist methane ignition; sludge-derived CH4 bubbling,"Sections 9, 10",Fig. 14a,Japan
21,2016,2016-04-16,01:25,Kumamoto earthquake,M7.3,"Kumamoto, Kyushu",Stagnant MSTID detected by GNSS ~20 min before; no naked-eye red sky reported,Ionospheric electrons attracted by positive ground charge above epicenter,Section 11,,Japan
22,1835,1835,,Concepcion earthquake,,Robinson Crusoe Island,Tsunami-impact landslide -> fire pillar,Sea-floor methane eruption + ignition,Section 10,,Chile
